coefficient,variable
-0.2687781953209978,(Intercept)
1.464780677668745,smokerYes
0.006617285772327899,daySat
1.488841575909783,daySun
0.3805119832793214,dayThur
0.16784779712080913,total_bill
-0.07772864623180618,smokerYes:total_bill
-0.004134862171240179,daySat:total_bill
-0.0680076866248173,daySun:total_bill
-0.017017821499527547,dayThur:total_bill
